{
  "Badge Text" : "custodian",
  "Ansi 5 Color" : {
    "Green Component" : 0.34474095931608983,
    "Blue Component" : 0.4961872009569378,
    "Red Component" : 0.27977499667788136
  },
  "Working Directory" : "\/Users\/pgkehle\/custodian",
  "Prompt Before Closing 2" : 0,
  "Selected Text Color" : {
    "Green Component" : 0.97969973087310791,
    "Blue Component" : 0.56859564781188965,
    "Red Component" : 0.45111823081970215
  },
  "Rows" : 25,
  "Ansi 11 Color" : {
    "Green Component" : 0.87965387105941772,
    "Blue Component" : 0.00071674532955512404,
    "Red Component" : 0.74222016334533691
  },
  "Use Italic Font" : true,
  "Foreground Color" : {
    "Green Component" : 0.49058133363723755,
    "Blue Component" : 0.4589446485042572,
    "Red Component" : 0.3899540901184082
  },
  "Right Option Key Sends" : 0,
  "Character Encoding" : 4,
  "Selection Color" : {
    "Green Component" : 0.25330817699432373,
    "Blue Component" : 0.14524808526039124,
    "Red Component" : 0.11556437611579895
  },
  "Triggers" : [

  ],
  "Blend" : 0.30000001192092896,
  "Mouse Reporting" : true,
  "Ansi 4 Color" : {
    "Green Component" : 0.41409432888031006,
    "Blue Component" : 0.49917763471603394,
    "Red Component" : 0.18512687087059021
  },
  "Non-ASCII Anti Aliased" : true,
  "Sync Title" : false,
  "Disable Window Resizing" : true,
  "Close Sessions On End" : true,
  "Jobs to Ignore" : [
    "rlogin",
    "ssh",
    "slogin",
    "telnet"
  ],
  "Scrollback With Status Bar" : false,
  "Scrollback Lines" : 0,
  "Scrollback in Alternate Screen" : true,
  "Hide After Opening" : false,
  "Flashing Bell" : false,
  "Cursor Guide Color" : {
    "Red Component" : 0.70213186740875244,
    "Color Space" : "sRGB",
    "Blue Component" : 1,
    "Alpha Component" : 0.25,
    "Green Component" : 0.9268307089805603
  },
  "BM Growl" : true,
  "Ansi 3 Color" : {
    "Green Component" : 0.49856084585189819,
    "Blue Component" : 0.14027777314186096,
    "Red Component" : 0.44166350364685059
  },
  "Link Color" : {
    "Red Component" : 0,
    "Color Space" : "sRGB",
    "Blue Component" : 0.73423302173614502,
    "Alpha Component" : 1,
    "Green Component" : 0.35916060209274292
  },
  "Shortcut" : "",
  "Background Image Location" : "",
  "Bold Color" : {
    "Green Component" : 0.98039215803146362,
    "Blue Component" : 0.52793002128601074,
    "Red Component" : 0.47750943899154663
  },
  "Unlimited Scrollback" : true,
  "Custom Command" : "No",
  "Smart Selection Rules" : [
    {
      "notes" : "Word bounded by whitespace",
      "regex" : "\\S+",
      "precision" : "low"
    },
    {
      "notes" : "C++ namespace::identifier",
      "regex" : "([a-zA-Z0-9_]+::)+[a-zA-Z0-9_]+",
      "precision" : "normal"
    },
    {
      "notes" : "Paths",
      "regex" : "\\~?\/?([[:letter:][:number:]._-]+\/+)+[[:letter:][:number:]._-]+\/?",
      "precision" : "normal"
    },
    {
      "notes" : "Quoted string",
      "regex" : "@?\"(?:[^\"\\\\]|\\\\.)*\"",
      "precision" : "normal"
    },
    {
      "notes" : "Java\/Python include paths",
      "regex" : "([[:letter:][:number:]._]+\\.)+[[:letter:][:number:]._]+",
      "precision" : "normal"
    },
    {
      "notes" : "mailto URL",
      "regex" : "\\bmailto:([a-z0-9A-Z_]+@)?([a-zA-Z0-9\\-]+\\.)*[a-zA-Z0-9\\-]+\\b",
      "precision" : "normal"
    },
    {
      "notes" : "Obj-C selector",
      "regex" : "@selector\\([^)]+\\)",
      "precision" : "high"
    },
    {
      "notes" : "email address",
      "regex" : "\\b[A-Za-z0-9._%+-]+@[A-Za-z0-9.-]+\\.[A-Za-z]{2,4}\\b",
      "precision" : "high"
    },
    {
      "notes" : "HTTP URL",
      "regex" : "https?:\/\/([a-z0-9A-Z]+(:[a-zA-Z0-9]+)?@)?[a-z0-9A-Z]+(\\.[a-z0-9A-Z]+)*((:[0-9]+)?)(\/[a-zA-Z0-9;\/\\.\\-_+%~?&@=#\\(\\)]*)?",
      "precision" : "very_high"
    },
    {
      "notes" : "SSH URL",
      "regex" : "\\bssh:([a-z0-9A-Z_]+@)?([a-zA-Z0-9\\-]+\\.)*[a-zA-Z0-9\\-]+\\b",
      "precision" : "very_high"
    },
    {
      "notes" : "Telnet URL",
      "regex" : "\\btelnet:([a-z0-9A-Z_]+@)?([a-zA-Z0-9\\-]+\\.)*[a-zA-Z0-9\\-]+\\b",
      "precision" : "very_high"
    }
  ],
  "Keyboard Map" : {
    "0xf700-0x260000" : {
      "Action" : 10,
      "Text" : "[1;6A"
    },
    "0x37-0x40000" : {
      "Action" : 11,
      "Text" : "0x1f"
    },
    "0x32-0x40000" : {
      "Action" : 11,
      "Text" : "0x00"
    },
    "0xf709-0x20000" : {
      "Action" : 10,
      "Text" : "[17;2~"
    },
    "0xf70c-0x20000" : {
      "Action" : 10,
      "Text" : "[20;2~"
    },
    "0xf729-0x20000" : {
      "Action" : 10,
      "Text" : "[1;2H"
    },
    "0xf72b-0x40000" : {
      "Action" : 10,
      "Text" : "[1;5F"
    },
    "0xf705-0x20000" : {
      "Action" : 10,
      "Text" : "[1;2Q"
    },
    "0xf703-0x260000" : {
      "Action" : 10,
      "Text" : "[1;6C"
    },
    "0xf700-0x220000" : {
      "Action" : 10,
      "Text" : "[1;2A"
    },
    "0xf701-0x280000" : {
      "Action" : 11,
      "Text" : "0x1b 0x1b 0x5b 0x42"
    },
    "0x38-0x40000" : {
      "Action" : 11,
      "Text" : "0x7f"
    },
    "0x33-0x40000" : {
      "Action" : 11,
      "Text" : "0x1b"
    },
    "0xf703-0x220000" : {
      "Action" : 10,
      "Text" : "[1;2C"
    },
    "0xf701-0x240000" : {
      "Action" : 10,
      "Text" : "[1;5B"
    },
    "0xf70d-0x20000" : {
      "Action" : 10,
      "Text" : "[21;2~"
    },
    "0xf702-0x260000" : {
      "Action" : 10,
      "Text" : "[1;6D"
    },
    "0xf729-0x40000" : {
      "Action" : 10,
      "Text" : "[1;5H"
    },
    "0xf706-0x20000" : {
      "Action" : 10,
      "Text" : "[1;2R"
    },
    "0x34-0x40000" : {
      "Action" : 11,
      "Text" : "0x1c"
    },
    "0xf700-0x280000" : {
      "Action" : 11,
      "Text" : "0x1b 0x1b 0x5b 0x41"
    },
    "0x2d-0x40000" : {
      "Action" : 11,
      "Text" : "0x1f"
    },
    "0xf70e-0x20000" : {
      "Action" : 10,
      "Text" : "[23;2~"
    },
    "0xf702-0x220000" : {
      "Action" : 10,
      "Text" : "[1;2D"
    },
    "0xf703-0x280000" : {
      "Action" : 11,
      "Text" : "0x1b 0x66"
    },
    "0xf700-0x240000" : {
      "Action" : 10,
      "Text" : "[1;5A"
    },
    "0xf707-0x20000" : {
      "Action" : 10,
      "Text" : "[1;2S"
    },
    "0xf70a-0x20000" : {
      "Action" : 10,
      "Text" : "[18;2~"
    },
    "0x35-0x40000" : {
      "Action" : 11,
      "Text" : "0x1d"
    },
    "0xf70f-0x20000" : {
      "Action" : 10,
      "Text" : "[24;2~"
    },
    "0xf703-0x240000" : {
      "Action" : 10,
      "Text" : "[1;5C"
    },
    "0x7f-0x80000" : {
      "Action" : 11,
      "Text" : "0x1b 0x08"
    },
    "0xf701-0x260000" : {
      "Action" : 10,
      "Text" : "[1;6B"
    },
    "0xf702-0x280000" : {
      "Action" : 11,
      "Text" : "0x1b 0x62"
    },
    "0xf72b-0x20000" : {
      "Action" : 10,
      "Text" : "[1;2F"
    },
    "0x36-0x40000" : {
      "Action" : 11,
      "Text" : "0x1e"
    },
    "0xf708-0x20000" : {
      "Action" : 10,
      "Text" : "[15;2~"
    },
    "0xf701-0x220000" : {
      "Action" : 10,
      "Text" : "[1;2B"
    },
    "0xf70b-0x20000" : {
      "Action" : 10,
      "Text" : "[19;2~"
    },
    "0xf702-0x240000" : {
      "Action" : 10,
      "Text" : "[1;5D"
    },
    "0xf704-0x20000" : {
      "Action" : 10,
      "Text" : "[1;2P"
    }
  },
  "Log Directory" : "",
  "Use Canonical Parser" : false,
  "Ansi 14 Color" : {
    "Green Component" : 0.87742972373962402,
    "Blue Component" : 0.76850813627243042,
    "Red Component" : 0.00071493309224024415
  },
  "Ansi 2 Color" : {
    "Green Component" : 0.49586945772171021,
    "Blue Component" : 0.14654228091239929,
    "Red Component" : 0.18512442708015442
  },
  "Background Image Is Tiled" : false,
  "Send Code When Idle" : false,
  "ASCII Anti Aliased" : true,
  "Tags" : [

  ],
  "Ansi 9 Color" : {
    "Green Component" : 0.50299710035324097,
    "Blue Component" : 0.033469859510660172,
    "Red Component" : 0.87685030698776245
  },